time,ice_free,new_young,thin_FY,medium_FY,thick_FY,multiyear
2023-10-18,345511.9385656252,0.0,745.3957646239909,0.0,0.0,0.0
2023-10-19,345511.9385656252,745.3957646239909,0.0,0.0,0.0,0.0
2023-10-20,345511.9385656252,745.3957646239909,0.0,0.0,0.0,0.0
2023-10-21,345511.9385656252,745.3957646239909,0.0,0.0,0.0,0.0
2023-10-22,345511.9385656252,745.3957646239909,0.0,0.0,0.0,0.0
2023-10-23,345511.9385656252,745.3957646239909,0.0,0.0,0.0,0.0
2023-10-24,345511.9385656252,745.3957646239909,0.0,0.0,0.0,0.0
2023-10-25,345511.9385656252,745.3957646239909,0.0,0.0,0.0,0.0
2023-10-26,345511.9385656252,745.3957646239909,0.0,0.0,0.0,0.0
2023-10-27,345511.9385656252,745.3957646239909,0.0,0.0,0.0,0.0
2023-10-28,345511.9385656252,745.3957646239909,0.0,0.0,0.0,0.0
2023-10-29,345511.9385656252,745.3957646239909,0.0,0.0,0.0,0.0
2023-10-30,345511.9385656252,745.3957646239909,0.0,0.0,0.0,0.0
2023-10-31,345447.74496888614,809.5893613630686,0.0,0.0,0.0,0.0
2023-11-01,345313.71791905985,943.6164111893148,0.0,0.0,0.0,0.0
2023-11-02,345183.13521396753,1074.1991162816616,0.0,0.0,0.0,0.0
2023-11-03,344795.04509284964,1462.2892373995837,0.0,0.0,0.0,0.0
2023-11-04,344795.04509284964,1462.2892373995837,0.0,0.0,0.0,0.0
2023-11-05,344795.04509284964,1462.2892373995837,0.0,0.0,0.0,0.0
2023-11-06,345055.11531441816,1202.219015831011,0.0,0.0,0.0,0.0
2023-11-07,345055.11531441816,1202.219015831011,0.0,0.0,0.0,0.0
2023-11-08,345055.11531441816,1202.219015831011,0.0,0.0,0.0,0.0
2023-11-09,345055.11531441816,1202.219015831011,0.0,0.0,0.0,0.0
2023-11-10,345055.11531441816,1202.219015831011,0.0,0.0,0.0,0.0
2023-11-11,345055.11531441816,1202.219015831011,0.0,0.0,0.0,0.0
2023-11-12,345183.13521396753,1074.1991162816616,0.0,0.0,0.0,0.0
2023-11-13,345183.13521396753,1074.1991162816616,0.0,0.0,0.0,0.0
2023-11-14,345055.11531441816,1202.219015831011,0.0,0.0,0.0,0.0
2023-11-15,345183.13521396753,1074.1991162816616,0.0,0.0,0.0,0.0
2023-11-16,345183.13521396753,1074.1991162816616,0.0,0.0,0.0,0.0
2023-11-17,345183.13521396753,1074.1991162816616,0.0,0.0,0.0,0.0
2023-11-18,345183.13521396753,1074.1991162816616,0.0,0.0,0.0,0.0
2023-11-19,345183.13521396753,1074.1991162816616,0.0,0.0,0.0,0.0
2023-11-20,345183.13521396753,1074.1991162816616,0.0,0.0,0.0,0.0
2023-11-21,345183.13521396753,1074.1991162816616,0.0,0.0,0.0,0.0
2023-11-22,345055.11531441816,1202.219015831011,0.0,0.0,0.0,0.0
2023-11-23,345055.11531441816,1202.219015831011,0.0,0.0,0.0,0.0
2023-11-24,345055.11531441816,1202.219015831011,0.0,0.0,0.0,0.0
2023-11-25,344919.10700249753,1338.2273277516083,0.0,0.0,0.0,0.0
2023-11-26,345055.11531441816,1202.219015831011,0.0,0.0,0.0,0.0
2023-11-27,345055.11531441816,1202.219015831011,0.0,0.0,0.0,0.0
2023-11-28,345055.11531441816,1202.219015831011,0.0,0.0,0.0,0.0
2023-11-29,345055.11531441816,1202.219015831011,0.0,0.0,0.0,0.0
2023-11-30,345183.13521396753,1074.1991162816616,0.0,0.0,0.0,0.0
2023-12-01,345183.13521396753,1074.1991162816616,0.0,0.0,0.0,0.0
2023-12-02,344244.57318652543,2012.7611437237215,0.0,0.0,0.0,0.0
2023-12-03,344244.57318652543,2012.7611437237215,0.0,0.0,0.0,0.0
2023-12-04,343979.11373722134,2278.2205930278465,0.0,0.0,0.0,0.0
2023-12-05,343392.5362791625,2864.7980510866896,0.0,0.0,0.0,0.0
2023-12-06,343668.48525547603,2588.8490747731535,0.0,0.0,0.0,0.0
2023-12-07,343044.25971813436,3213.074612114821,0.0,0.0,0.0,0.0
2023-12-08,341515.7845131266,4741.54981712254,0.0,0.0,0.0,0.0
2023-12-09,338749.95665859047,7507.377671658696,0.0,0.0,0.0,0.0
2023-12-10,333971.98321881867,12285.351111430522,0.0,0.0,0.0,0.0
2023-12-11,328356.0315659221,17901.30276432712,0.0,0.0,0.0,0.0
2023-12-12,326952.4100806023,19304.92424964693,0.0,0.0,0.0,0.0
2023-12-13,325934.87754123507,20126.79178805923,195.6650009548994,0.0,0.0,0.0
2023-12-14,324679.7779368943,21509.91129194932,67.6451014055501,0.0,0.0,0.0
2023-12-15,321692.32577042363,24565.008559825546,0.0,0.0,0.0,0.0
2023-12-16,322267.6799505964,23927.863241727297,61.79113792541705,0.0,0.0,0.0
2023-12-17,323440.8699105564,21696.23641818834,1120.2280015043834,0.0,0.0,0.0
2023-12-18,324716.83918022655,20732.194630528116,808.3005194945194,0.0,0.0,0.0
2023-12-19,324184.2201965916,19767.67749170564,940.5588042152588,646.151817384098,523.0344280390482,195.69159231348763
2023-12-20,321672.93524427386,21369.23761337038,1191.6074639217613,711.4439610358161,1312.110047647367,0.0
2023-12-21,319511.196913705,21728.581212954752,3068.1652072403035,1034.4253927091347,914.9656036400075,0.0
2023-12-22,312577.96910275694,16584.14484038175,11559.075349839077,4040.7964471180926,1367.328690604003,0.0
2023-12-23,304797.3964787375,20843.77286440154,13888.3437786535,3552.627650071206,2084.087819570145,0.0
2023-12-24,301060.5465381168,23679.493853287142,12437.70423333958,3285.789145174052,5340.0502149862,453.75034534537065
2023-12-25,297678.9174549993,9987.656523245372,16355.6415004337,11584.691328354493,6037.038841738926,3588.3126168367144
2023-12-26,296105.8665747738,12952.694330371658,19297.690048617776,8235.303115342787,5170.102800390352,2315.675422507162
2023-12-27,294976.3600928618,28320.388917083234,15770.363132238632,2923.23914530189,2200.9036606907866,1300.3505134004054
2023-12-28,295080.0945154863,44170.10466138884,6037.454115027964,776.5498938701182,64.37704815865236,0.0
2023-12-29,297244.0837532135,46423.92876528408,2396.190667275665,193.13114447595706,0.0,0.0
2023-12-30,297215.64048503473,48181.016353659565,860.6774915548771,0.0,0.0,0.0
2023-12-31,298143.38539360615,47253.27144508813,860.6774915548771,0.0,0.0,0.0
2024-01-01,298677.7360903571,44020.08273678899,2370.520342737514,1188.9951603655336,0.0,0.0
2024-01-02,299671.9524550524,43268.50167747418,2641.434610753406,675.4455869691833,0.0,0.0
2024-01-03,302267.89793064643,42483.463169524526,1038.9975035087286,195.50912698845485,0.0,271.4665995810218
2024-01-04,309424.344160396,35248.77083377993,1517.8373876524474,66.38194842069589,0.0,0.0
2024-01-05,310976.22681665694,34426.04029429393,398.03234421670834,457.03487508161606,0.0,0.0
2024-01-06,313520.9815488047,31881.285562146135,398.03234421670834,457.03487508161606,0.0,0.0
2024-01-07,316249.44098338805,29821.59207817564,186.30126868543766,0.0,0.0,0.0
2024-01-08,323428.53694843594,22580.147693050414,248.64968876280656,0.0,0.0,0.0
2024-01-09,329576.60325718543,16181.761176853972,498.9698962097712,0.0,0.0,0.0
2024-01-10,340203.90219636564,4929.762786108613,1123.6693477748481,0.0,0.0,0.0
2024-01-11,343372.90014219156,1556.9433421073202,768.3978660111381,496.7445598618128,62.3484200773689,0.0
2024-01-12,343060.41670580144,1762.0279932676456,1060.6150568645767,374.2745743155357,0.0,0.0
2024-01-13,345183.13521396753,194.7763018314247,134.02704982624599,559.8364011488452,185.55936347514566,0.0
2024-01-14,345183.13521396753,194.7763018314247,134.02704982624599,249.3936803094756,496.0020843145153,0.0
2024-01-15,345055.11531441816,322.79620138077394,134.02704982624599,373.71937736997324,371.67638725401764,0.0
2024-01-16,341940.98403119214,2229.473801239597,1697.9029319366928,322.59161746004537,66.38194842069589,0.0
2024-01-17,340072.39056184376,4190.357494594035,1745.5660122913164,249.02026152004123,0.0,0.0
2024-01-18,330580.4402630057,13482.361561846112,309.8848711768261,64.00994977467465,843.4647350851039,977.1729493607495
2024-01-19,314789.0616964735,31096.410674974497,371.8619588011377,0.0,0.0,0.0
2024-01-20,298993.54023355455,46685.134468945034,578.6596277495728,0.0,0.0,0.0
2024-01-21,284273.2538005415,60185.01071592092,1799.0698137867644,0.0,0.0,0.0
2024-01-22,272810.7851804308,73132.76918556402,313.7799642543035,0.0,0.0,0.0
2024-01-23,263844.3588011442,82412.97552910495,0.0,0.0,0.0,0.0
2024-01-24,261344.7303583943,84542.60169600404,370.00227585083536,0.0,0.0,0.0
2024-01-25,255459.50573277578,89727.49479256924,1070.333804904128,0.0,0.0,0.0
2024-01-26,246818.39153403675,95828.31938575604,3610.6234104563982,0.0,0.0,0.0
2024-01-27,235629.24853406404,107452.7837311011,3175.3020650840162,0.0,0.0,0.0
2024-01-28,232698.75253891601,110042.73282229183,3515.848969041317,0.0,0.0,0.0
2024-01-29,225209.55727028757,117437.72943142668,2992.8811774354667,309.1414510994575,308.0250000000016,0.0
2024-01-30,224037.59829197184,114124.3990554886,7532.059072485635,563.2779103031022,0.0,0.0
2024-01-31,221985.637329276,116418.89978295754,7051.001528388529,801.795689627088,0.0,0.0
2024-02-01,225318.4237050938,114203.85280417965,6549.684407199471,185.37341377625114,0.0,0.0
2024-02-02,230032.20438267544,113286.69012032605,2938.4398272477156,0.0,0.0,0.0
2024-02-03,238252.53599079433,105372.3573529177,2632.440986537136,0.0,0.0,0.0
2024-02-04,246325.8221894644,98560.99674045239,1370.5154003323864,0.0,0.0,0.0
2024-02-05,253149.98519041835,92360.29395945105,747.0551803797625,0.0,0.0,0.0
2024-02-06,266848.4206585189,78724.20691142784,684.7067603023936,0.0,0.0,0.0
2024-02-07,279791.4344776883,65594.71656256114,871.1832899997004,0.0,0.0,0.0
2024-02-08,291301.4520464699,54211.42964061479,744.4526431645284,0.0,0.0,0.0
2024-02-09,297571.8310416269,45108.074216919376,3577.4290717028734,0.0,0.0,0.0
2024-02-10,295901.82442010555,44916.76769960019,5438.742210543429,0.0,0.0,0.0
2024-02-11,285437.8935573175,55753.67546421093,5065.765308720751,0.0,0.0,0.0
2024-02-12,271591.2686585567,69049.16386327356,5616.9018084189,0.0,0.0,0.0
2024-02-13,260004.19249245967,82550.4988745045,3702.64296328501,0.0,0.0,0.0
2024-02-14,251919.90886209556,92001.94474284837,2335.4807253052227,0.0,0.0,0.0
2024-02-15,250550.28778088966,93400.31294712395,2306.7336022355794,0.0,0.0,0.0
2024-02-16,249315.04635248694,94356.32091024748,2585.967067514768,0.0,0.0,0.0
2024-02-17,246810.44382856332,98804.83906636258,642.0514353232616,0.0,0.0,0.0
2024-02-18,246810.44382856332,98931.92504120804,514.9654604778093,0.0,0.0,0.0
2024-02-19,251867.00178354868,93284.21310968147,1106.1194370190283,0.0,0.0,0.0
2024-02-20,256343.11104503664,87860.40750217956,2053.8157830329665,0.0,0.0,0.0
2024-02-21,267343.41699968756,78047.91297039625,866.0043601653508,0.0,0.0,0.0
2024-02-22,275297.62076783984,69784.01027963377,1175.703282775577,0.0,0.0,0.0
2024-02-23,282737.8264349147,62096.4544881778,1423.0534071566601,0.0,0.0,0.0
2024-02-24,282786.78438444796,62232.683814495336,1237.8661313058258,0.0,0.0,0.0
2024-02-25,276207.02098090196,63902.92174022393,6147.391609123293,0.0,0.0,0.0
2024-02-26,257743.85896136318,80219.02538101889,8294.449987867116,0.0,0.0,0.0
2024-02-27,235854.18188494354,93914.62034544039,16292.111242917968,196.4208569472699,0.0,0.0
2024-02-28,224351.89641034167,96890.74924145496,24229.552249416214,785.136429036332,0.0,0.0
2024-02-29,222028.80745650936,93715.627309101,29531.889077963955,981.0104866748524,0.0,0.0
2024-03-01,222064.1394412284,99548.28020122722,23663.90420111869,981.0104866748524,0.0,0.0
2024-03-02,223270.30125888676,94125.54053962302,27880.482045064546,981.0104866748524,0.0,0.0
2024-03-03,227345.4998083292,86726.02591733988,32185.80860458011,0.0,0.0,0.0
2024-03-04,234214.3665046361,12334.97684890608,94342.34706253844,5365.643914168546,0.0,0.0
2024-03-05,237724.14721096703,69381.79412592135,39151.39299336077,0.0,0.0,0.0
2024-03-06,239207.51524709704,82106.63528891778,24943.18379423435,0.0,0.0,0.0
2024-03-07,235932.10286866382,89543.76198387374,20781.46947771162,0.0,0.0,0.0
2024-03-08,219620.76300678914,99631.15609590278,27005.415227557252,0.0,0.0,0.0
2024-03-09,204589.1340937373,105095.90988125217,36572.29035525973,0.0,0.0,0.0
2024-03-10,193037.40321189316,108944.22620484588,44275.70491351011,0.0,0.0,0.0
2024-03-11,178222.33619627834,115103.14543802661,52931.852695944246,0.0,0.0,0.0
2024-03-12,165475.33201043573,121908.7687393057,58873.23358050774,0.0,0.0,0.0
2024-03-13,156364.6613188694,126842.81229484186,63049.86071653789,0.0,0.0,0.0
2024-03-14,148537.98018515063,140648.18852316032,57071.16562193824,0.0,0.0,0.0
2024-03-15,138998.54935299532,161341.62630650302,45917.15867075082,0.0,0.0,0.0
2024-03-16,138272.2194376238,161858.71449296252,45729.559423525214,396.84097613760815,0.0,0.0
2024-03-17,138272.2194376238,169529.87769090972,37926.72111964137,528.5160820742497,0.0,0.0
2024-03-18,145372.49722208155,177669.55700887673,23215.280099290903,0.0,0.0,0.0
2024-03-19,155281.96765200992,171205.28682161376,19770.0798566255,0.0,0.0,0.0
2024-03-20,164252.75478562654,163873.5068383659,18131.07270625673,0.0,0.0,0.0
2024-03-21,184200.4775493181,147196.3545158751,14860.50226505594,0.0,0.0,0.0
2024-03-22,206207.10172388292,125654.04721099613,14396.185395370136,0.0,0.0,0.0
2024-03-23,212482.00581380067,116778.41257910577,16996.915937342696,0.0,0.0,0.0
2024-03-24,214281.05266642728,114147.0559768824,17829.225686939477,0.0,0.0,0.0
2024-03-25,214538.38648474036,116233.1468431131,15485.801002395694,0.0,0.0,0.0
2024-03-26,211765.56604063185,119777.82866275645,14713.939626860862,0.0,0.0,0.0
2024-03-27,210766.63804000494,121081.42760994172,14409.26868030252,0.0,0.0,0.0
2024-03-28,209123.97725100137,122225.31291148515,14908.044167762666,0.0,0.0,0.0
2024-03-29,205004.9566273053,123753.8066453423,17498.571057601548,0.0,0.0,0.0
2024-03-30,201955.64178794465,129346.09403530219,14955.598507002345,0.0,0.0,0.0
2024-03-31,201740.59972453493,130438.45844563068,14078.276160083562,0.0,0.0,0.0
2024-04-01,200709.27822458436,132847.46939107968,12700.586714585139,0.0,0.0,0.0
2024-04-02,200049.7081440095,133057.63722618157,13149.988960058101,0.0,0.0,0.0
2024-04-03,202505.97356515072,133674.94307662005,10076.417688478386,0.0,0.0,0.0
2024-04-04,211859.55263469776,126369.58891295924,8028.192782592196,0.0,0.0,0.0
2024-04-05,220580.77472420817,124121.74837890097,1554.8112271400482,0.0,0.0,0.0
2024-04-06,227787.71935328946,117295.39853603704,309.51353872376876,0.0,0.0,0.0
2024-04-07,226030.90152067385,118510.3300042499,1346.4728053254173,0.0,0.0,0.0
2024-04-08,222735.03619054327,121568.99444381826,1583.6736958876634,0.0,0.0,0.0
2024-04-09,223664.49886929835,121009.34790298858,1460.2775579622457,0.0,0.0,0.0
2024-04-10,219412.97841425755,125715.50052021455,759.2253957770553,0.0,0.0,0.0
2024-04-11,219447.58290524496,125849.3328295642,960.4185954400033,0.0,0.0,0.0
2024-04-12,223065.11690588412,121416.86515849532,1775.3522658697173,0.0,0.0,0.0
2024-11-26,345140.44718297356,1116.88714727562,0.0,0.0,0.0,0.0
2024-11-27,341660.272360092,4597.061970157133,0.0,0.0,0.0,0.0
2024-11-28,339546.746497951,6710.587832298188,0.0,0.0,0.0,0.0
2024-11-29,335477.88591939234,10779.448410856825,0.0,0.0,0.0,0.0
2024-11-30,334853.8482366376,11403.486093611555,0.0,0.0,0.0,0.0
2024-12-01,332668.13698702364,13589.197343225558,0.0,0.0,0.0,0.0
2024-12-02,331413.94766586774,14843.386664381422,0.0,0.0,0.0,0.0
2024-12-03,331369.45923111064,14887.875099138517,0.0,0.0,0.0,0.0
2024-12-04,332984.4285594727,11075.522741756902,2197.3830290195633,0.0,0.0,0.0
2024-12-05,332670.4635951371,9950.10083626988,3636.7698988421744,0.0,0.0,0.0
2024-12-06,332984.4285594727,9074.999519207431,4197.906251569034,0.0,0.0,0.0
2024-12-07,333861.0125491058,9260.93325165664,3135.388529486705,0.0,0.0,0.0
2024-12-08,335367.7447506045,5270.269681027885,5619.319898616817,0.0,0.0,0.0
2024-12-09,336868.36908588035,7076.330679273391,2312.6345650954395,0.0,0.0,0.0
2024-12-10,340858.8425217047,5273.794968389732,124.6968401547378,0.0,0.0,0.0
2024-12-19,345641.09819232376,616.23613792542,0.0,0.0,0.0,0.0
2024-12-20,345517.88819232373,739.4461379254208,0.0,0.0,0.0,0.0
2024-12-21,345517.88819232373,739.4461379254208,0.0,0.0,0.0,0.0
2024-12-22,345084.978327448,925.0056896270887,247.3503131740405,0.0,0.0,0.0
2024-12-23,345084.978327448,740.004551701671,432.35145109945813,0.0,0.0,0.0
2024-12-24,344713.4878898929,1358.4735918260021,185.37284853024948,0.0,0.0,0.0
2024-12-25,344404.16030086804,184.81500000000096,1544.962891455708,123.39613792541738,0.0,0.0
2024-12-26,342667.6876595376,806.0732833420104,2721.4105388393004,62.16284853024884,0.0,0.0
2024-12-27,342542.9904406652,185.9312628729347,3342.853640255332,185.5589864556662,0.0,0.0
2024-12-28,343349.0637240072,555.5612623065016,2352.70934393542,0.0,0.0,0.0
2024-12-29,342851.94688603,0.0,2970.4334547721696,434.9539894469874,0.0,0.0
2024-12-30,340051.83929768123,0.0,3906.0314603142338,2237.1151521763136,62.3484200773689,0.0
2024-12-31,339553.2375086094,0.0,5271.754062350178,1432.3427592895687,0.0,0.0
2025-01-01,338430.0407478527,1055.281392104366,6772.012190292079,0.0,0.0,0.0
2025-01-02,337430.98430535814,2790.8210748964943,6035.528949994492,0.0,0.0,0.0
2025-01-03,335368.4847520578,2921.4613042329415,7967.388273958366,0.0,0.0,0.0
2025-01-04,332247.1870737696,3911.2380518763707,9974.955029354624,0.0,0.0,0.0
2025-01-05,329816.73188226146,7262.258917499143,8681.041120964237,0.0,0.0,0.0
2025-01-06,328072.2925628164,14498.167543982,3686.8742234507936,0.0,0.0,0.0
2025-01-07,327946.48457698466,17430.194999886196,880.6547533783718,0.0,0.0,0.0
2025-01-08,328072.2925628164,17808.54586267311,376.49590475968,0.0,0.0,0.0
2025-01-09,329689.44840082823,15756.991409659895,810.8945197610615,0.0,0.0,0.0
2025-01-10,331510.88862044737,14622.491534553164,123.95417524862313,0.0,0.0,0.0
2025-01-11,333763.02781917574,12308.561197899404,185.74531317404018,0.0,0.0,0.0
2025-01-12,333385.22741429834,11756.148383846066,1115.9585321047512,0.0,0.0,0.0
2025-01-13,332638.35561538127,12252.697697923963,1366.2810169439126,0.0,0.0,0.0
2025-01-14,332140.5000941172,13186.806777541351,930.0274585906336,0.0,0.0,0.0
2025-01-15,332017.29009411717,13558.110888944535,681.93334718745,0.0,0.0,0.0
2025-01-16,332017.29009411717,13062.108427044106,1177.9358090878795,0.0,0.0,0.0
2025-01-17,332017.29009411717,12001.261422609929,2238.7828135220548,0.0,0.0,0.0
2025-01-18,333767.3022130254,11808.098770036358,681.93334718745,0.0,0.0,0.0
2025-01-19,341928.42860520055,4328.905725048622,0.0,0.0,0.0,0.0
2025-01-20,345702.88933024916,554.4450000000029,0.0,0.0,0.0,0.0
2025-01-24,345702.88933024916,554.4450000000029,0.0,0.0,0.0,0.0
2025-01-25,340054.07825822424,6141.65107202492,61.605000000000324,0.0,0.0,0.0
2025-01-26,331587.5588640151,14545.821290985456,123.95417524862313,0.0,0.0,0.0
2025-01-27,327010.60981550947,19246.724514739682,0.0,0.0,0.0,0.0
2025-01-28,326191.7550064897,20065.57932375947,0.0,0.0,0.0,0.0
2025-01-29,326191.7550064897,20065.57932375947,0.0,0.0,0.0,0.0
2025-01-30,326191.7550064897,20065.57932375947,0.0,0.0,0.0,0.0
2025-01-31,326506.4542271792,19750.88010306997,0.0,0.0,0.0,0.0
2025-02-01,330054.53579083516,16202.79853941403,0.0,0.0,0.0,0.0
2025-02-02,335905.3742493249,10351.960080924275,0.0,0.0,0.0,0.0
2025-02-03,339406.6569478851,6850.677382364023,0.0,0.0,0.0,0.0
2025-02-04,341395.1002343212,4862.234095927929,0.0,0.0,0.0,0.0
2025-02-05,342146.98681120493,4110.347519044208,0.0,0.0,0.0,0.0
2025-02-06,342397.4924002749,3859.8419299742222,0.0,0.0,0.0,0.0
2025-02-07,342772.1383047824,3485.196025466761,0.0,0.0,0.0,0.0
2025-02-08,342772.1383047824,3485.196025466761,0.0,0.0,0.0,0.0
2025-02-09,342772.1383047824,3485.196025466761,0.0,0.0,0.0,0.0
2025-02-10,343271.6670014046,2551.6425215131485,434.0248073313865,0.0,0.0,0.0
2025-02-11,342897.39109931735,1371.1073880814365,1988.8358428503316,0.0,0.0,0.0
2025-02-12,342398.0479736776,3177.5387702900657,681.7475862815128,0.0,0.0,0.0
2025-02-13,341144.2242629828,3934.6171648194677,1178.4929024468743,0.0,0.0,0.0
2025-02-14,336848.35021236265,8789.027858323367,619.9562595631384,0.0,0.0,0.0
2025-02-15,333221.6040569301,12660.164895939726,375.56537737934525,0.0,0.0,0.0
2025-02-16,331340.9697638389,14229.245899055728,376.6759465151838,0.0,0.0,0.0
2025-02-17,330463.6482547452,7214.381059167501,8202.257170423522,253.09367066434973,0.0,0.0
2025-02-18,329646.2715200742,5963.895917964101,8941.923477561642,1578.32773222989,126.91568241933618,0.0
2025-02-19,329333.78578767006,5713.203808293512,9569.113778982333,1514.315272883976,126.91568241933618,0.0
2025-02-20,328642.5875997543,9020.626867004334,7646.865339016134,947.2545244744347,0.0,0.0
2025-02-21,328392.636238268,6340.3956358776595,11334.482203105286,189.8202529982623,0.0,0.0
2025-02-22,327896.81360672635,7589.581211573974,10454.75703990383,316.18247204505315,0.0,0.0
2025-02-23,327458.15065591957,9033.781901747974,9386.13049915586,379.2712734257566,0.0,0.0
2025-02-24,327021.8999492484,9093.719415059095,10141.714965941646,0.0,0.0,0.0
2025-02-25,326330.8842805494,9845.603509949433,10080.846539750313,0.0,0.0,0.0
2025-02-26,324833.8188693788,12352.669260510285,9070.846200360045,0.0,0.0,0.0
2025-02-27,324086.0275998429,12592.600189748584,9578.70654065767,0.0,0.0,0.0
2025-02-28,321956.792195156,17949.69676574098,6350.845369352218,0.0,0.0,0.0
2025-03-01,317511.817501619,27352.03161686434,1393.4852117658575,0.0,0.0,0.0
2025-03-02,312910.14226657647,30121.190792444446,3226.0012712282114,0.0,0.0,0.0
2025-03-03,310235.1034121228,33109.26561168478,2912.965306441552,0.0,0.0,0.0
2025-03-04,308301.3971904173,34860.551529513294,3095.385610318612,0.0,0.0,0.0
2025-03-05,305135.7397451736,39057.825947667865,2063.768637407653,0.0,0.0,0.0
2025-03-06,306405.65530290664,38046.92686921478,1804.7521581277647,0.0,0.0,0.0
2025-03-07,308237.0669057905,36466.01576025276,1554.2516642059395,0.0,0.0,0.0
2025-03-08,312022.7513547619,27862.466527278102,6372.11644820921,0.0,0.0,0.0
2025-03-09,318102.56687333615,24474.556487117028,3680.2109697959672,0.0,0.0,0.0
2025-03-10,323005.59736993385,18074.79371123643,5176.94324907891,0.0,0.0,0.0
2025-03-11,323745.22621190676,19082.956787675663,3429.1513306667525,0.0,0.0,0.0
2025-03-12,321986.87746953464,24270.45686071454,0.0,0.0,0.0,0.0
2025-03-13,317592.6875610065,28417.11031814316,247.53645109945722,0.0,0.0,0.0
2025-03-14,311431.8673198221,33019.22347602548,1806.2435344016094,0.0,0.0,0.0
2025-03-15,306779.0696627183,37038.17691137438,2440.0877561564894,0.0,0.0,0.0
2025-03-16,302430.45033258025,39272.37468241737,4554.509315251582,0.0,0.0,0.0
2025-03-17,298225.25458273134,42523.52267076362,5508.5570767542085,0.0,0.0,0.0
2025-03-18,294578.21885532315,43634.45729689757,8044.658178028436,0.0,0.0,0.0
2025-03-19,288424.15145566454,50989.11498680622,6844.067887778412,0.0,0.0,0.0
2025-03-20,282158.74856512924,57758.846450247875,6339.739314872054,0.0,0.0,0.0
2025-03-21,276261.17795401847,59843.220033964346,10152.936342266337,0.0,0.0,0.0
2025-03-22,269694.7809762198,59002.283403551526,17560.269950477887,0.0,0.0,0.0
2025-03-23,263831.9486636247,53324.63876043442,29100.7469061901,0.0,0.0,0.0
2025-03-24,259894.0385303244,46199.29458131176,39840.28440796996,323.7168106430721,0.0,0.0
2025-03-25,255838.64729789284,39283.50108812397,46569.94331281203,2758.2899053123106,1806.9527261080116,0.0
2025-03-26,252399.29058806275,56996.654879659705,32796.30469847548,2187.711298731537,1682.5941946302664,194.77867068943783
2025-03-27,249148.50394171115,81472.40989050189,10925.553596129395,2704.0092817355608,1877.0051730448913,129.85244712629188
2025-03-28,247052.38969001785,79881.5729840552,10466.936391729336,5488.507698045992,2783.9574749780636,583.9700914227136
2025-03-29,245657.6850454819,87171.19774706002,8442.679439223997,2778.1000086631875,2012.3454281566583,195.32666166342207
2025-03-30,246210.21265221367,89000.0647216393,7678.399517548157,2393.8509648874265,974.8064739606264,0.0
2025-03-31,246524.00627718825,90036.90762966071,9696.420423400197,0.0,0.0,0.0
2025-04-01,248445.1582782143,70539.85299053516,27141.011689550356,131.31137194934985,0.0,0.0
2025-04-02,251011.15145793208,71147.84774079634,24032.679445546066,65.65568597467492,0.0,0.0
2025-04-03,259162.4824053775,66564.61069696918,20530.241227902516,0.0,0.0,0.0
2025-04-04,262059.05806851207,73495.05891616317,10703.21734557394,0.0,0.0,0.0
2025-04-05,261455.8055030871,69135.84439316152,15665.684434000563,0.0,0.0,0.0
2025-04-06,259938.12272065014,66554.05423890919,19765.157370689834,0.0,0.0,0.0
2025-04-07,257486.6375547839,69356.59709139506,19414.099684070225,0.0,0.0,0.0
2025-04-08,255303.6465119652,70340.73284238,20612.954975903966,0.0,0.0,0.0
2025-04-09,255138.68202195154,70834.80285765656,20283.849450641093,0.0,0.0,0.0
2025-04-10,251767.25509022304,75207.69010017563,19282.389139850467,0.0,0.0,0.0
2025-04-11,247185.45827694342,78340.48273217086,20731.393321134885,0.0,0.0,0.0
2025-04-12,243183.98653712939,81395.80515758356,21677.54263553623,0.0,0.0,0.0
2025-11-25,345761.5180068406,495.816323408578,0.0,0.0,0.0,0.0
2025-11-26,345574.8438897027,682.4904405464446,0.0,0.0,0.0,0.0
2025-11-27,345574.1012247966,683.2331054525592,0.0,0.0,0.0,0.0
2025-11-28,345759.6605882718,0.0,497.6737419774136,0.0,0.0,0.0
2025-11-29,345946.3347054096,0.0,310.999624839547,0.0,0.0,0.0
2025-12-01,345945.9633729566,0.0,311.3709572926044,0.0,0.0,0.0
2025-12-02,345945.9633729566,311.3709572926044,0.0,0.0,0.0,0.0
2025-12-03,343530.90768622985,2664.821644019305,61.605000000000324,0.0,0.0,0.0
2025-12-04,339863.6802294488,2474.0592817010483,3919.594819099328,0.0,0.0,0.0
2025-12-05,336929.7877455952,6091.563035065798,3235.9835495881753,0.0,0.0,0.0
2025-12-06,333930.3965037816,10399.527104691137,1927.4107217764379,0.0,0.0,0.0
2025-12-07,331984.08867129247,12095.516445823174,2177.729213133529,0.0,0.0,0.0
2025-12-08,328166.95862111147,14971.132267663164,3119.2434414745508,0.0,0.0,0.0
2025-12-09,326597.1945493908,16357.017178972306,3303.1226018860802,0.0,0.0,0.0
2025-12-10,325274.94763320376,17042.80233622389,3939.58436082153,0.0,0.0,0.0
2025-12-11,323579.18003454164,21365.15137920653,1313.0029165010028,0.0,0.0,0.0
2025-12-12,320879.41045755555,25061.37562729755,316.54824539602356,0.0,0.0,0.0
2025-12-13,318304.61612538114,24109.98482337326,3842.7333814947883,0.0,0.0,0.0
2025-12-14,314466.4492427434,27812.927209695026,3914.131769985893,63.82610782486366,0.0,0.0
2025-12-15,312309.27555096475,30159.555214231827,3788.5035650526115,0.0,0.0,0.0
2025-12-16,310157.4866754174,31606.131011765716,4172.9323063350175,320.7843367309856,0.0,0.0
2025-12-17,307937.64277534,32480.85124652456,5131.977525769812,706.8627826148434,0.0,0.0
2025-12-18,307803.1146813296,30127.699698804605,3795.0693828955186,2101.658126355736,1534.03054803561,706.4954886860371
2025-12-19,308667.1618011057,29011.133256800305,3872.9415715313676,1786.392733796008,1473.5114443124505,257.8737221905559
2025-12-20,309474.1454589326,27887.612263785606,3990.05924025452,2549.913167647748,1537.337552137315,257.8737221905559
2025-12-21,311147.3895843695,25888.791391693034,4116.790112523097,2296.4454009795118,2177.06721667078,257.8737221905559
2025-12-22,312270.25050812936,24771.998065394037,4176.35023129949,3123.5979721338576,1790.0699498916301,0.0
2025-12-23,311842.2969442791,25323.757030586945,5204.556437782692,2681.972893104105,703.7413736509835,0.0
2025-12-24,304556.4299484624,35685.86320568319,4669.548852515275,1345.4923235882768,0.0,0.0
2025-12-25,293486.2105949351,44537.41588566179,6175.308724789235,1481.7607847514223,385.3440530122491,0.0
2025-12-26,283701.44329846743,52810.3563675178,6260.400684183002,2064.996843201151,1355.3937747511304,64.74336212861442
2025-12-27,275013.0665911115,59126.46651782138,6280.023774860369,3432.2610639272148,1626.5875167040301,778.9288658247223
2025-12-28,268897.63972323434,60144.392470115534,11120.72507026699,3692.5111670255224,1492.006933270409,910.0589663363467
2025-12-29,265878.08163383696,61941.039311631335,11683.786227707431,4348.528315655792,1885.2113989707607,520.6874424469252
2025-12-30,265424.9498591953,65026.62877760135,9177.916136926546,4479.469205360593,1758.447880247063,389.9224709183284
2025-12-31,264971.0784654661,67926.0005371949,7123.420906808089,4088.2664633029635,1952.6940987273938,195.87385874973748
2026-01-01,265234.9273962183,70951.84714413268,7725.78306054245,2083.976647042857,260.80008231288343,0.0
2026-01-02,266970.18159475445,69040.28833639293,7526.426127796658,2333.6273947008103,386.81087660427283,0.0
2026-01-03,268850.0669271889,66562.64832462984,7548.623218723239,2521.2763573794987,774.7195023277219,0.0
2026-01-04,266778.3876451722,75331.96880194584,3954.0301900747104,0.0,0.0,0.0
2026-01-05,261338.34578091654,77135.05153537897,7590.989320897278,0.0,0.0,0.0
2026-01-06,252685.1379227229,77957.27441515459,14841.115216683818,0.0,0.0,0.0
2026-01-07,239881.43208288588,82932.37447353502,22280.163656761557,259.70489425258376,0.0,0.0
2026-01-08,227721.69776655387,90541.29240746591,26629.254423973933,845.5018194753567,0.0,0.0
2026-01-09,215344.20845705352,96977.64808330941,30549.480991786157,1303.0886816056016,130.58270509234694,0.0
2026-01-10,205400.14735653764,107028.90227194334,29780.80336357076,1563.875111826233,261.5299430571936,0.0
2026-01-11,194951.1163609234,103773.42943601642,38881.06127806436,4713.768324876806,1323.0831725812684,0.0
2026-01-12,185906.51945054985,111515.61775629457,42049.1368539142,3422.9467283943072,1127.7531104034117,0.0
2026-01-13,179440.21017817804,126454.50372668848,36882.7346063266,1837.2350033685275,132.2199041537749,0.0
2026-01-14,179440.21017817804,134324.640572033,29408.891034480504,1314.9148706957171,66.20068474441246,0.0
2026-01-15,179440.21017817804,143359.36777735376,22277.60638665688,262.43251919622344,0.0,0.0
2026-01-16,181280.11592015534,153441.8687643121,11535.34964578174,0.0,0.0,0.0
2026-01-17,184165.98534302402,153347.11453723,8744.234449995152,0.0,0.0,0.0
2026-01-18,195263.68145940098,142695.8332220842,8297.819648763996,0.0,0.0,0.0
2026-01-19,212137.181791802,128031.64088233189,6088.511656115315,0.0,0.0,0.0
2026-01-20,226236.06166707166,110855.99604197333,9165.276621204179,0.0,0.0,0.0
2026-01-21,234753.55067075943,100769.80644014452,10733.977219345248,0.0,0.0,0.0
2026-01-22,239901.44787827256,94170.88923117804,12184.997220798574,0.0,0.0,0.0
2026-01-23,243479.2880134147,88349.26918715818,14428.77712967631,0.0,0.0,0.0
2026-01-24,236397.58767187936,93299.30729357846,16560.43936479135,0.0,0.0,0.0
2026-01-25,222718.59624990955,103654.71285342693,19884.025226912705,0.0,0.0,0.0
2026-01-26,211005.27753059595,93388.68847108868,41863.36832856457,0.0,0.0,0.0
2026-01-27,202295.0512020117,108532.84682045161,35429.43630778585,0.0,0.0,0.0
2026-01-28,193117.26523622533,118146.69334550989,34993.37574851395,0.0,0.0,0.0
2026-01-29,182695.5708101453,134332.79632750765,29228.967192596218,0.0,0.0,0.0
2026-01-30,169406.2595727372,155151.91325470543,21699.161502806543,0.0,0.0,0.0
2026-01-31,159411.0165589184,171541.15527218365,15305.162499147074,0.0,0.0,0.0
2026-02-01,152101.0281067542,182370.8052972284,11785.50092626654,0.0,0.0,0.0
2026-02-02,147660.13179725112,191594.6182387291,6938.574344494242,64.00994977467465,0.0,0.0
2026-02-03,145406.29795268655,193350.6504857796,7500.38589178299,0.0,0.0,0.0
2026-02-04,145127.6217506497,195601.587347637,5528.125231962485,0.0,0.0,0.0
2026-02-05,146370.63542659231,193242.79854718072,6643.900356476148,0.0,0.0,0.0
2026-02-06,148985.79470171698,189057.94688326315,8213.592745269005,0.0,0.0,0.0
2026-02-07,150646.5823180896,188039.09608047304,7571.655931686488,0.0,0.0,0.0
2026-02-08,157338.5539699956,181795.22896436582,7123.55139588774,0.0,0.0,0.0
2026-02-09,163974.27471315896,176278.23656240155,6004.823054688655,0.0,0.0,0.0
2026-02-10,172882.25100191348,167615.9521150295,5759.131213306176,0.0,0.0,0.0
2026-02-11,188095.6714730759,153888.107175496,4273.555681677262,0.0,0.0,0.0
2026-02-12,218414.4714251166,123102.03956930194,4740.8233358306625,0.0,0.0,0.0
2026-02-13,228598.09471570147,110096.68488149618,7562.554733051544,0.0,0.0,0.0
2026-02-14,234698.9643544241,103500.54123245212,8057.828743372964,0.0,0.0,0.0
2026-02-15,241568.73161067502,95769.90888515068,8918.693834423473,0.0,0.0,0.0
2026-02-16,248684.30531738908,85839.97282597247,11608.916250733047,124.1399361545604,0.0,0.0
2026-02-17,257346.64982086892,76768.22054062242,12080.486881133555,61.977087624311565,0.0,0.0
2026-02-18,262244.0819231631,69772.03149012494,14179.243829336834,61.977087624311565,0.0,0.0
2026-02-19,265570.2826777128,68631.35270051076,11993.72186440129,61.977087624311565,0.0,0.0
2026-02-20,269233.3617523774,64334.10934479812,12627.886145449302,61.977087624311565,0.0,0.0
2026-02-21,270235.3517731789,62019.34205779486,14002.640499275378,0.0,0.0,0.0
2026-02-22,262434.27017154824,63909.61739527222,19913.446763428667,0.0,0.0,0.0
2026-02-23,246918.53699172378,74707.84813152152,24630.949207003865,0.0,0.0,0.0
2026-02-24,213728.82117220812,102891.38322670765,29637.129931333395,0.0,0.0,0.0
2026-02-25,186841.3361943799,128391.68648774197,31024.311648127325,0.0,0.0,0.0
2026-02-26,167605.581070213,141260.80617967417,37390.94708036201,0.0,0.0,0.0
2026-02-27,145795.80811241135,142414.92716754077,55774.26786531207,2272.331184984953,0.0,0.0
2026-02-28,132801.42294667248,144759.88508714546,68162.98897874086,533.0373176903802,0.0,0.0
2026-03-01,121923.25640971732,162330.4966201586,59393.57370918355,2543.6256427689873,66.38194842069589,0.0
2026-03-02,107801.27413112039,168455.9978612129,65843.58496167356,3887.6998390329404,268.7775372093514,0.0
2026-03-03,97571.06761462317,192635.61844471266,56050.64827091334,0.0,0.0,0.0
2026-03-04,87490.16813778624,209850.57981215065,48850.56716090291,66.01921940936245,0.0,0.0
2026-03-05,81330.43940052547,218621.6333994278,46239.787911313426,65.4736189824233,0.0,0.0
2026-03-06,76384.9736812912,223334.8533991726,46537.50724978537,0.0,0.0,0.0
2026-03-07,70709.0096428141,223760.29362359789,51788.03106383719,0.0,0.0,0.0
2026-03-08,64655.377880609376,227172.35593448186,54306.018239307086,123.5822758508341,0.0,0.0
2026-03-09,61739.655166905206,232239.3131339989,52214.3560795704,64.00994977467465,0.0,0.0
2026-03-10,57124.315303138705,238382.02997340297,50750.98905370751,0.0,0.0,0.0
2026-03-11,52966.38728645512,237468.16748076276,55822.77956303129,0.0,0.0,0.0
2026-03-12,48391.096636996124,239812.35746500804,58053.880228245005,0.0,0.0,0.0
2026-03-13,43261.939395637135,238274.48873748974,64720.90619712228,0.0,0.0,0.0
2026-03-14,36993.45618922004,242738.2172864911,66525.66085453804,0.0,0.0,0.0
2026-03-15,34064.79466248563,245416.42472112362,66776.11494663992,0.0,0.0,0.0
2026-03-16,29343.896914421013,241821.61809048164,74890.50460324732,201.31472209921228,0.0,0.0
2026-03-17,23056.010761885882,230128.94069254928,92669.75343161562,402.62944419842455,0.0,0.0
2026-03-18,18419.199341046784,225212.49120667894,102156.27046973609,469.3733127873612,0.0,0.0
2026-03-19,13244.329174012077,219295.47670386446,113248.15513958529,469.3733127873612,0.0,0.0
2026-03-20,10916.092514790516,221810.24949756273,113263.47569282592,267.51662506999935,0.0,0.0
2026-03-21,9714.133945929132,223700.17655614993,112575.5072031001,267.51662506999935,0.0,0.0
2026-03-22,8901.683912810666,234137.1124073298,102750.97145122774,467.5665588809491,0.0,0.0
2026-03-23,8810.660701215998,245911.17464886484,91535.49898016834,0.0,0.0,0.0
2026-03-24,10133.370314502165,271807.05062985315,64250.894166484475,66.01921940936245,0.0,0.0
2026-03-25,13296.765751274237,278559.67394586076,54400.89463311415,0.0,0.0,0.0
2026-03-26,16413.38114914314,282299.22899967525,47544.724181430734,0.0,0.0,0.0
2026-03-27,20123.51389174452,284091.8652593849,42041.95517911973,0.0,0.0,0.0
2026-03-28,23194.150188194428,281024.79402478074,42038.39011727393,0.0,0.0,0.0
2026-03-29,26169.70162551561,276208.71798477904,43878.91471995447,0.0,0.0,0.0
2026-03-30,25540.773530326984,263435.65612011077,57280.904679811414,0.0,0.0,0.0
2026-03-31,25371.081569977516,247848.79651721643,73037.45624305522,0.0,0.0,0.0
2026-04-01,23312.590828832122,243007.86043984778,79936.88306156926,0.0,0.0,0.0
2026-04-02,25006.46036646,249858.83130828195,71323.14449787061,68.89815763663098,0.0,0.0
2026-04-03,28037.04674969634,240401.84089930073,77542.85426058131,275.5924206707872,0.0,0.0
2026-04-04,30085.609016200055,239856.18571354385,75490.18939948009,825.3502010251864,0.0,0.0
2026-04-05,33893.74990772066,235485.5207719436,76258.51559000873,619.5480605762127,0.0,0.0
2026-04-06,38022.059443581355,238526.4124587007,69570.88793981032,137.97448815676827,0.0,0.0
2026-04-07,43675.56310648904,240164.12345319,62417.64777057013,0.0,0.0,0.0
2026-04-08,53595.52466262126,243263.8200770529,49397.98959057503,0.0,0.0,0.0
2026-04-09,66037.08372126716,239744.1421056908,40476.10850329122,0.0,0.0,0.0
2026-04-10,77168.1882859767,234969.44532298885,34119.70072128362,0.0,0.0,0.0
2026-04-11,90358.83282032923,221758.04997537844,34140.451534541506,0.0,0.0,0.0
2026-04-12,106940.60161644619,210125.77850211522,29190.954211687767,0.0,0.0,0.0
